prot_id,label
P31716,G_SP
Q24537,G
Q9VWW0,G
Q0GGX2,G
P13423,G_SP
O74975,G
P19735,G
P27781,G_SP
P54784,G
P19843,G_SP
P18473,G_SP
Q10164,G
O94411,G
Q5JID0,TM
P70475,G
P0A9I1,G
P84838,G_SP
Q8NFU5,G
Q9C0J8,G
Q04226,G
Q03833,G
O95243,G
Q9BYE7,G
P13271,TM
Q27084,G_SP
P80188,G_SP
Q15084,G_SP
Q04149,G
P26331,G_SP
P78055,G
Q04110,G
O14291,G
O94606,G
Q9GZC8,SP_TM
Q9UBD3,G_SP
Q1CZL0,G
Q60736,G_SP
P14898,G
P75949,G
Q9I194,G_SP
P04438,G_SP
P00125,TM
P02919,TM
P0A3Q0,G
Q9LZJ8,G
P06470,G_SP
A7L036,G_SP
P0AG82,G_SP
Q07763,SP_TM
Q3TEW6,SP_TM
P16335,G_SP
P39009,G
Q8T1G4,G_SP
P50874,G
Q64213,G
P33406,G_SP
Q00689,G_SP
Q46079,G_SP
P14768,G_SP
Q8WZ75,SP_TM
P53616,G_SP
Q24338,G
P47871,SP_TM
P50272,G_SP
P01034,G_SP
Q12161,G
Q93WK5,G
P52701,G
P28472,SP_TM
Q9BUJ2,G
Q3UZ18,G
Q8R4C2,G
P28894,G
Q33DK1,G
P04979,G_SP
P60058,TM
Q15572,G
Q9UNS1,G
Q8R5M8,SP_TM
P05552,G
Q9Y6W3,G
P69054,TM
P0A8G0,G
P30878,TM
P0ABM9,SP_TM
P05149,G_SP
O94298,G
Q94F62,SP_TM
Q12321,G
P20916,SP_TM
P43579,G
Q9NPJ6,G
P54802,G_SP
P22058,G
P16109,SP_TM
O75446,G
Q9URY5,G
Q08738,G_SP
P96126,G
Q15170,G
Q9SUP6,G
O74859,G
P08723,G_SP
P97535,G_SP
O94906,G
O43278,G_SP
Q12318,G
P45573,G
Q13145,SP_TM
Q8SW51,G
P63279,G
Q2FZE2,G
Q6UW01,G_SP
P24482,G
Q9SJN0,G
P49917,G
Q700D2,G
P47240,G
Q86WA6,G_SP
Q9UKZ9,G_SP
Q08932,G
P22545,SP_TM
P27369,G
P02781,G_SP
Q8I948,G_SP
Q9NYF8,G
P23110,G_SP
Q96PU4,G
P54583,G_SP
P15399,G_SP
P22184,G_SP
P21919,G_SP
P27888,G
Q6NPP4,G
Q5VUB5,SP_TM
Q6UB99,G
P94356,G_SP
O43541,G
Q59478,G_SP
P0A7X6,G
O13829,G
Q0JBF0,G
P22816,G
P22179,TM
P0A9I8,G
Q10274,G
Q96DU3,SP_TM
P28800,G_SP
Q8K3W2,G
Q9RF52,G
Q19849,G
P03952,G_SP
Q55FB8,G
P08518,G
Q46106,G
Q8MI35,G_SP
O43030,G
Q8SWA6,G
O08545,SP_TM
Q12343,G
Q9S1G7,G_SP
Q8VBV4,G
Q01638,SP_TM
P09564,SP_TM
Q22197,G
Q925H1,G
Q09146,G
P0DJD3,G
Q7Z0G7,G
P15488,G_SP
Q2YK18,G_SP
Q9NY47,SP_TM
P12902,G
Q9BWX1,G
Q42496,TM
P18289,G
O95990,G
Q9LAB5,G_SP
P28745,G
P32774,G
O04425,G
Q27309,G_SP
Q9H1U4,SP_TM
P58499,G_SP
Q8DJ43,TM
O14791,G_SP
Q04868,G
P16278,G_SP
Q9UHR5,G
Q9PVW8,G_SP
P18491,G
O95931,G
P22670,G
O00206,SP_TM
P0AEK7,TM
Q3L8U1,G
P36629,G
P46605,G
Q9SU40,G_SP
P20613,G_SP
P09813,G_SP
Q9SN22,G
P0A1N4,G_SP
P0C6P2,G_SP
P9WIP1,G_SP
Q15573,G
Q8R316,G
O43593,G
P44521,G
P21517,G
P31264,G
P14291,G
P13532,G_SP
P10903,TM
P42702,SP_TM
P49755,SP_TM
Q9UUB5,G
P32055,G
P31658,G
P42586,G
Q84TE6,G
P08462,G_SP
P42255,G_SP
Q13740,SP_TM
O94355,G
P31316,G
P33682,G_SP
P31727,G_SP
P35638,G
P51827,G
P20626,G_SP
P35483,G_SP
P00733,G_SP
P37938,G
Q11121,G_SP
Q86Y78,G_SP
P53115,G
P25942,SP_TM
P0A9G2,G
Q00609,SP_TM
Q9BRA0,G
P31368,G
Q9ER74,G
O13935,G
Q41385,TM
P38922,G
O59834,G
Q12072,G
Q9GS00,G
Q9UGP5,G
P01135,SP_TM
Q5F0I3,G_SP
Q968Y9,SP_TM
P46237,G_SP
P34210,G_SP
Q08180,SP_TM
P22516,G
O94278,G
P0A8T1,G
P48607,G_SP
Q6UWN5,G_SP
P0ADZ7,TM
P38710,G
Q99935,G_SP
P09547,G
Q8IN94,G
P38920,G
Q96BN2,G
Q9BUQ8,G
P0AG99,TM
P77269,G_SP
O16011,G
P27111,G
P87174,G
P01083,G_SP
P33575,G_SP
Q03736,SP_TM
Q9WYC3,TM
Q39688,G_SP
P0C0J0,G_SP
Q15465,G_SP
Q9UHF4,SP_TM
Q09684,SP_TM
P52914,G
Q05900,G
Q9V3K3,G
Q60949,G
Q13508,SP_TM
Q08345,SP_TM
O23277,G
Q06706,G
Q12018,G
O94130,G
O43325,G
P10902,G
P23685,SP_TM
P25336,G
P34576,SP_TM
P40096,G
O43058,G
O35601,G
P40161,G
Q08923,G
Q9UBU3,G_SP
Q12841,G_SP
O00268,G
P92965,G
Q14527,G
P27705,G
Q9VGG5,SP_TM
P04275,G_SP
P01553,G_SP
Q6LA53,G
Q969G3,G
P07111,G_SP
Q9VPQ6,G
O35433,TM
P20428,G
Q8L5W8,G
Q8N6P7,SP_TM
P11886,G
P32591,G
Q9JLR5,G
Q5YGP7,G
P10175,TM
Q9UUH7,G
Q9NQX5,SP_TM
Q05021,G
Q56198,G
Q13487,G
Q16651,SP_TM
Q9UJC5,G
Q6P9K9,SP_TM
P96169,TM
Q7Z591,G
P38806,G
P0A6D0,G
P46677,G
P51688,G_SP
O13907,G
Q51485,G_SP
Q15233,G
Q99626,G
O95196,SP_TM
Q7L0X0,SP_TM
P0ABE7,G_SP
Q9Y6J0,G
O70299,G
P47825,G
Q17043,G_SP
P38059,G_SP
Q969L4,G
Q17768,G
Q16790,SP_TM
P22865,G_SP
Q9UT24,G
Q6ZMH5,SP_TM
Q8MUC5,G_SP
Q10414,G
Q12420,G
Q9NWU2,G
P11900,G_SP
P31489,G_SP
Q86XK2,G
P54660,G_SP
P38285,G
P63235,TM
Q9LMX5,G
Q7T105,G
Q9USJ8,G
P23721,G
P06778,G
Q9Y3Z3,G
P48823,G_SP
O86963,G
P52161,G
P21711,G
P53204,G
Q06707,G
Q62598,G_SP
P98161,SP_TM
O55111,SP_TM
Q8UVQ4,G
P32447,G
Q98GN8,TM
Q7M418,G_SP
A6H8Y1,G
Q02940,G_SP
Q14627,SP_TM
Q1WG82,G
O05516,G
O60894,SP_TM
P38193,G
P21815,G_SP
P19515,G_SP
Q9Z4I3,G_SP
P41520,G_SP
P87233,G
P13134,SP_TM
Q07913,G
Q64028,G
Q9HDY5,G
O94289,G
P00730,G_SP
P38803,G
O95407,G_SP
Q3UUF8,G
P40225,G_SP
Q05192,G
Q96BP2,G
P33417,G
Q9WU01,G
O94290,G
Q7X9V3,G
P23616,G_SP
Q9USJ6,G
Q02283,G
P77754,G_SP
Q0VD32,G
Q9NZQ7,SP_TM
P35052,G_SP
P83880,G_SP
Q9JIB4,G
Q9M4A1,G
O61374,G
Q9UL03,G
Q29980,SP_TM
P22336,G
Q55055,G
O14901,G
Q09184,G
Q12433,G
Q9Y5Z0,SP_TM
Q12211,G
P44741,TM
Q99KS2,G
O75096,SP_TM
Q3V1G4,G_SP
Q8BLB7,G
P20036,SP_TM
P06731,G_SP
O83938,G
C6E9R4,TM
Q9M384,G
Q7Z0T3,G_SP
Q9S449,G
P01737,G_SP
O64411,G_SP
P24171,G
Q8K136,G
P24349,G
Q9US35,G
P21941,G_SP
Q92353,G
Q9Y5Z7,G
Q9UID6,G
O94264,G
P22006,G_SP
Q8G4D8,G
P38006,G_SP
Q9UT49,G
Q8NHV9,G
Q02763,SP_TM
P01283,G_SP
C4ZTM6,TM
O95813,G_SP
Q99801,G
Q7TQN3,G_SP
O48818,G_SP
B9KDD4,TM
Q61400,G_SP
O05111,TM
P08721,G_SP
Q8G4V2,G
P23578,G_SP
P22318,G
Q40479,G
F6XHE4,TM
P02746,G_SP
Q5D710,G_SP
Q7SIH1,G_SP
Q9M9B9,G
P13183,TM
P08169,SP_TM
Q8W5S1,G
B5YGD6,TM
Q53EK2,G
P21978,G_SP
Q59967,G
Q9UJW9,G
P38903,G
Q3UV74,SP_TM
P26602,G
Q96I45,TM
Q9BS26,G_SP
P36088,G
Q6BDR8,G
Q5VUA4,G
P43613,SP_TM
E8XEH9,TM
P08079,G_SP
P0C6D6,G
Q9W602,G
P0A9K9,G
Q9UTE3,G
Q9NRK6,TM
P33203,G
Q9HC23,G_SP
P13002,G
O43155,SP_TM
O94328,G
Q17058,G_SP
P31277,G
P09616,G_SP
Q8WVY7,G
Q10740,G
Q8RJP2,G_SP
Q02086,G
Q9NV88,G
P22621,SP_TM
Q12734,G
P44526,G_SP
Q9UQR1,G
Q8NBM8,G_SP
Q9TVL3,G
Q9UL17,G
Q96AJ1,G
Q9W0K7,G
P03069,G
P10675,G_SP
P25080,G
P17989,G_SP
P24092,G_SP
O94704,G
Q2KJF1,G_SP
P42254,G_SP
O83618,G
P33244,G
Q92373,G
Q8STR8,G
P92948,G
Q80TG9,SP_TM
Q9JYM0,SP_TM
P08582,G_SP
P53043,G
P32314,G
P27424,G_SP
P10388,G_SP
A4IFA3,G
P34712,TM
O14931,SP_TM
Q8TAE8,G
Q44856,G_SP
Q9H1Z4,G
P20482,G
Q9Y251,G_SP
Q8CGN4,G
P30040,G_SP
P63142,TM
P13000,G
P9WHV7,G
P15514,SP_TM
Q9Z4P4,G_SP
P22549,G_SP
Q9Y2V3,G
Q9Y804,G
Q8MMH0,G_SP
P54423,G_SP
P36917,G_SP
Q9UUK1,G
O31467,TM
P21938,G
Q00001,G_SP
P46107,G
P0AEM9,G_SP
P53769,G
P51946,G
O74388,G
O94428,G
Q8JZL0,G
P47821,G
Q8N474,G_SP
P00799,G_SP
Q03989,G
P44818,G
Q7TNK1,G
P10776,G_SP
Q9UPV9,G
P12524,G
P19212,G
P22266,G_SP
P05117,G_SP
Q61001,G_SP
P27114,G_SP
P49426,G_SP
Q12124,G
Q41382,G
P38281,G
O00257,G
P36560,G_SP
Q00855,G_SP
O14122,G
P48439,SP_TM
Q9UUE7,G
P31231,G_SP
O94916,G
P53687,G
Q4QLY5,G
Q685J3,SP_TM
Q6XP49,G
P37648,G_SP
P42777,G
Q6IE81,G
P24037,G_SP
Q9VG55,G_SP
Q8TCJ0,G
P0AGA2,TM
Q8NHL6,SP_TM
P36954,G
O14133,G
O14134,G
O94603,G
Q9SQI2,G
Q9BXR5,SP_TM
P26328,G_SP
P13812,G_SP
Q01493,G_SP
Q13416,G
P00652,G_SP
Q05858,G
P04721,G_SP
Q9H1E3,G
P22346,G
P41361,G_SP
P18126,G_SP
Q9UJA3,G
P09065,G
Q9ZM46,G
Q6EVK6,G
O60486,SP_TM
P09789,G_SP
P39682,G
O76192,G_SP
P13432,G_SP
O35701,G_SP
Q59118,G
Q5XM24,G_SP
Q9UTJ8,G
P12258,G
P23031,G_SP
Q47537,G_SP
P32372,G
P98005,TM
P69428,TM
Q9Y802,G
Q9RRX5,G
Q9WZ31,TM
P0AFL3,G_SP
P32585,G
P01556,G_SP
P31310,G
Q02747,G_SP
P11420,G
P30281,G
P32783,G
P31785,SP_TM
O05542,G_SP
P54790,G
O77460,G
P0C1H6,G
O43114,G
P06599,G_SP
Q6PFG8,G
P07464,G
Q10222,G
Q46338,G
P37329,G_SP
Q9NP71,G
Q07980,G
P09961,G
P14780,G_SP
P63250,TM
P35482,G_SP
Q02446,G
P0AEX9,G_SP
P32173,G
Q05443,G_SP
P79345,G_SP
P31942,G
P00096,G_SP
P31052,G
P16649,G
P83949,G
Q9HE01,G
Q9C106,G
P35858,G_SP
P13725,G_SP
Q18211,G
Q06224,G
Q7G7J6,G
O13900,G
Q8IRW8,G
Q9H422,G
Q969S2,G
Q96LI6,G
P01170,G_SP
P21171,G_SP
P23293,G
Q9P0S9,TM
Q62563,G
Q03958,G
Q8MJV4,G_SP
Q53T94,G
P32259,G
P38257,G
Q9P0K8,G
P40617,G
P11643,G_SP
Q05466,G
Q9UKJ1,SP_TM
P20945,G
P0A9B6,G
P0AFI5,G_SP
P03030,G
Q9DAG4,G
P40875,G
P50203,G
Q96S66,SP_TM
Q64732,G
P41212,G
P15977,G
Q9S7T7,G
P10747,SP_TM
P0A7D1,G
P10443,G
Q09666,G
P61417,G
P0A6V8,G
O74792,G
P76145,G
P25425,G
Q54727,G_SP
Q9CWH0,G
Q9JHX2,G
P01831,G_SP
Q8J0I9,G_SP
Q14118,SP_TM
Q29029,G
O43474,G
P25502,G
P01302,G_SP
P33334,G
Q9H6T0,G
P17816,G_SP
P12616,G_SP
P15529,SP_TM
Q00265,G
P09470,SP_TM
Q23976,G
Q9UPP1,G
Q96F46,SP_TM
P0A9L8,G
Q5HZV9,G
O83679,G
Q98TA5,G
Q07092,G_SP
Q8IXQ5,G
Q41015,G_SP
P34544,G
P40018,G
O94519,G
P29957,G_SP
Q96SD1,G
Q9ZNT9,G
P46897,G
Q93899,G
Q12341,G
P20067,G
P40505,G
Q6T6C1,G_SP
Q12286,G
Q9NU53,SP_TM
P15644,G_SP
Q29099,G
O18381,G
P29227,G
P11584,SP_TM
O60077,G
P26515,G_SP
Q9UBD6,TM
P48060,SP_TM
O74496,G
P49767,G_SP
P13993,G_SP
P39176,G_SP
P0AEB2,G_SP
P32389,G
P43569,G
Q8VBU8,G
P03979,G_SP
O14021,G
Q8NBK3,G_SP
Q9XH37,G
P15292,G_SP
P0A2U4,G
P55955,G_SP
Q8H110,G
Q20646,G
P51950,G
P14316,G
P13039,G
P47076,G
Q62100,G
P43307,SP_TM
Q9LEF5,G
Q9Y279,SP_TM
P69819,G
Q02953,G
P36886,TM
Q8CIG3,G
P15308,G
P05533,G_SP
Q9VWY6,G
P21837,G_SP
P37665,SP_TM
Q9YBM8,TM
Q10NX8,G_SP
P23847,G_SP
P23769,G
Q01528,G_SP
O88181,G
Q9VXG1,G
Q72LA6,TM
P46445,G_SP
Q8NDX5,G
B1L914,TM
O74741,G
Q9QXX3,G_SP
P19320,SP_TM
Q09142,G
Q32KD2,G
Q03254,G
P37028,G_SP
Q53H80,G
Q5L6W7,G
P04351,G_SP
P08677,G_SP
Q96F05,SP_TM
P19567,G_SP
Q9SHS7,G
P40473,G
P08471,G_SP
Q99278,G
Q8WY21,SP_TM
P09090,G
P16144,SP_TM
Q9Z2A6,G
P02461,G_SP
C6EL42,TM
Q61657,G
Q06469,G
Q0TV31,G_SP
P22082,G
P53540,G
P40359,G
P18761,G_SP
Q8INR6,G
P49728,TM
P10960,G_SP
P0AET2,G_SP
P39715,G
P02843,G_SP
P0A321,G_SP
Q8K4B0,G
Q86SQ4,SP_TM
Q6UXB8,SP_TM
Q12873,G
P62995,G
P22148,G
P05408,G_SP
P50846,G
Q12297,G
Q13421,G_SP
P87231,G
Q09332,G_SP
A9LNK9,G
Q23405,G
Q23175,G
Q02427,G
P13130,G_SP
P21657,G
Q9GQV7,G_SP
P31581,G_SP
Q9ZLW5,G
P47822,G
Q8C7R7,G
O95274,SP_TM
Q7UXN7,G
P48307,G_SP
Q03077,G_SP
O23210,G
Q92949,G
Q9FA38,G
Q08775,G
Q5H9F3,G
P10646,G_SP
Q59E36,G
P59054,G
Q6ZRS2,G
P24150,G
Q32PF6,G
P15917,G_SP
P26475,G
P06546,G_SP
O95163,G
P42787,SP_TM
Q8WZ19,G
P38326,G
Q10135,G
P80354,G
P21372,G
Q8IEF6,G
O97716,G
Q52S86,SP_TM
Q9BZA7,SP_TM
Q08127,G_SP
P31376,G
Q21037,G
Q90643,G
Q46822,G
P19034,G_SP
O04017,G
Q86TM6,SP_TM
Q63398,G
P0AFK0,G
P10371,G
P08750,G_SP
P05085,G
Q9JJ48,G
P16473,SP_TM
Q06136,SP_TM
Q08655,G
Q7RTV3,G
Q6WN34,G_SP
P38745,SP_TM
Q9NR97,SP_TM
P29064,G_SP
P53564,G
Q8N6Q3,G_SP
P82979,G
Q22795,G
Q53HV7,G
Q9ZKF8,G
P05423,G
Q9VK71,G
P35520,G
P05060,G_SP
P32910,G
P13054,G
Q04347,G
P28356,G
P13726,SP_TM
Q96T37,G
P31550,G_SP
P53833,G
Q9EST4,G
O86262,G
O74397,G
Q74FS9,TM
P00553,G
P20232,G
P57777,G
P21127,G
O94420,G
Q9H0E9,G
Q15043,SP_TM
Q8K4K2,G
P05452,G_SP
P05310,TM
Q14624,G_SP
P34427,G
P10477,G_SP
Q9X0E6,G
Q39962,G_SP
Q9U6B8,TM
Q9UNP9,G
Q9UZ55,TM
P00714,G_SP
P26188,G
D2Z0P3,TM
Q8GFE2,G_SP
Q04225,G
Q8XLP3,G
P84798,G
O29976,TM
P09933,SP_TM
P39265,G_SP
Q9JI57,G
P34021,G
P05305,G_SP
Q6XVY3,G
B4EY22,TM
Q14108,SP_TM
O04682,G
Q96KN3,G
Q12432,G
P87243,G
P07913,G
P01347,G_SP
O67258,G
P20845,G_SP
P09102,G_SP
Q5SMG8,TM
Q25055,G_SP
P06651,G_SP
P0DJA7,G
P08621,G
Q13247,G
P59554,G
O46598,SP_TM
P11458,G
Q96KS0,G
P07596,G_SP
P04930,G_SP
O35607,SP_TM
P36386,G_SP
Q6P2C8,G
P33438,G_SP
O02751,G
Q7VAL5,G
O74946,G
P10279,G_SP
Q00578,G
P36053,G
Q9BRN9,SP_TM
P06396,G_SP
P81715,G_SP
Q9ULV3,G
Q9ES66,G
P0CL16,G
Q8SVT3,G
Q03172,G
Q8TAQ2,G
O11780,G_SP
Q8GT41,G_SP
P41778,G
P39301,TM
Q9W705,G
O94829,G
P61703,G
O74465,G
P19263,G
Q9Y7K6,G
Q9UI26,G
P18895,G_SP
Q86TY3,SP_TM
O15514,G
O60671,G
A8JUV0,G
P53102,G
P48551,SP_TM
O83639,G
Q942A7,G_SP
O88470,G
O00585,G_SP
P21611,G_SP
P0AEG6,G_SP
Q52085,G_SP
A2AJB7,G_SP
P15248,G_SP
Q7KTX8,G
Q9USQ4,G
Q55210,G_SP
P40026,G
A4LBC0,G
P56926,G
P25031,G_SP
P0A9A9,G
P34072,G
Q2FV52,G_SP
P30850,G
P15930,G_SP
P53201,G
O06925,G
P43596,G
P37889,G_SP
Q93442,G
P27477,G_SP
Q3ZN08,G
Q18240,G
P08307,G_SP
P39377,G
Q57556,TM
P41814,G
Q9USP9,G
O74350,G
Q9KAX3,TM
P09551,G_SP
Q9U1H0,G
P04412,SP_TM
Q9PHM8,G
Q61789,G_SP
Q15744,G
Q01448,G
P19405,G_SP
P34741,SP_TM
Q99P87,G_SP
Q9P246,SP_TM
Q97R46,G
Q6UWY5,G_SP
Q38819,G
Q9M2Q6,G
Q9EQJ4,G
C4IX13,TM
Q9VM64,SP_TM
P79051,G
P9WP56,TM
Q5THR3,G
Q90X44,G
Q23973,G
P16611,G_SP
O67305,TM
P04963,G_SP
Q9FXA3,G
Q03465,G
Q24573,G
Q9UL49,G
Q9NZ53,SP_TM
P28349,G
Q8LGR0,G_SP
P54300,G_SP
Q4VYC8,G
P29007,G_SP
P41934,G
P53854,G
Q9HAW0,G
Q72ER1,G
P09758,SP_TM
P40010,G
Q06851,G_SP
O60177,G
P28706,G
Q86YN6,G
P04994,G
P22327,G_SP
O42506,G
Q9UGN4,SP_TM
P59959,G
O95409,G
P87377,G
P77338,SP_TM
P09059,G_SP
O14097,G
P51740,G_SP
P33012,G
Q9UT46,G
Q9HB65,G
Q8W420,G
O08601,G_SP
P52934,G
P47138,G
Q96S53,G
P10124,G_SP
Q9BX93,G_SP
P0ABL3,G_SP
Q68CP9,G
Q04659,G
Q8N1G2,G
O60353,SP_TM
P26379,G
Q03414,G
O27564,TM
P21338,G_SP
H6LFT0,TM
P31241,G_SP
Q61508,G_SP
P01152,G_SP
Q6E2N3,G
P19256,SP_TM
Q8FTD0,G
P26330,G_SP
Q08561,G
Q9H4Z3,G
P24348,SP_TM
Q16633,G
P25299,G
P17433,G
O95218,G
Q9CAN3,G
Q9NW38,G
P35718,G
P53338,G
Q9NL89,G_SP
P17213,G_SP
Q5T848,SP_TM
Q9UIB8,SP_TM
P04937,G_SP
P56282,G
Q14190,G
P54705,G
P00779,G_SP
P50199,G
Q07897,G
P18847,G
P21784,G
Q97II1,G
P75742,TM
P07712,G_SP
P0C0V0,G_SP
Q9BX59,SP_TM
P36662,G
P19021,SP_TM
P20851,G_SP
Q16666,G
P49004,G
P10909,G_SP
P34908,G
P29775,G
Q9D9J7,SP_TM
O08677,G_SP
P39187,G_SP
Q14807,G
Q96T60,G
Q9Z0S5,TM
P00751,G_SP
O61213,SP_TM
O97965,G
Q51434,G
Q26427,G_SP
P51432,G
Q9X4Q6,TM
P0A988,G
Q99177,G
P53720,G
Q94887,SP_TM
P15776,SP_TM
Q13098,G
P01242,G_SP
P36393,G
P04214,G_SP
Q14703,SP_TM
Q9P805,G
O35775,G_SP
Q99523,SP_TM
Q05952,G
Q08683,G
Q96FE7,SP_TM
P04280,G_SP
P0A8Q3,TM
Q9NTZ6,G
P54132,G
Q61602,G
P32823,G_SP
O14862,G
P54785,G
P31723,G_SP
P79621,G
Q02908,G
Q921C3,G
Q06188,G
P27931,SP_TM
Q5TB30,G
P97792,SP_TM
Q06667,G
Q06006,G_SP
P25847,G
P35936,SP_TM
P32519,G
P50901,G
P47047,G
Q8TD86,G
P06727,G_SP
P28316,G_SP
P19324,G_SP
P02679,G_SP
Q7ZZH7,G
Q28388,G_SP
Q63505,G
Q96QT6,G
Q550D5,G
P39802,G
Q2MJS2,G
P11994,G_SP
Q9ZWA6,G
P25932,G
P43251,G_SP
Q07203,G_SP
A7TJV5,G
P02675,G_SP
Q50925,G_SP
Q8WZI8,G_SP
P32780,G
P97798,SP_TM
P55179,G
Q17308,G
Q6RG02,G_SP
Q3APW0,G
P48786,G
P01070,G_SP
P26884,G
P12061,G_SP
P32432,G
Q8CGU4,G
P80035,G_SP
Q9UHC9,SP_TM
Q3SVA1,G
Q9H596,G
Q9FQ20,G
P15555,G_SP
O22785,G
P40023,G
Q92551,G
Q56415,G
P04560,G_SP
P22629,G_SP
P02748,SP_TM
O60602,SP_TM
O95157,G_SP
P08575,SP_TM
P61228,SP_TM
Q9RRC4,G
P55197,G
P47171,G
O75899,SP_TM
Q9RC92,G
Q7NDN8,SP_TM
Q9ZT16,G_SP
Q6EMK4,SP_TM
P35503,SP_TM
P13816,G_SP
P53150,G
Q8I7I5,SP_TM
P49777,G
Q13162,G_SP
Q99102,SP_TM
Q8WWL7,G
Q8TD31,G
Q9UUI6,G
P14560,G_SP
P39713,G
P03973,G_SP
P12357,TM
P32480,G
P08594,G_SP
Q9XVN3,G
P28698,G
O00300,G_SP
Q80SX8,G
P0AFM2,G_SP
Q8BKA3,G
P02670,G_SP
P28319,G_SP
P28715,G
Q8U2X0,TM
P54264,G
Q12983,TM
Q6UWJ8,SP_TM
P30621,G
O87386,G
P97253,TM
Q08999,G
P10673,G_SP
O00472,G
P19235,SP_TM
P27458,G_SP
A1L4H1,SP_TM
P54507,G_SP
O23463,G
Q9BYZ8,G_SP
Q04672,G_SP
P19736,G
P43587,G
Q9NJB5,G
Q15542,G
O34787,G
P35546,SP_TM
Q5NGV7,G_SP
P11456,SP_TM
O14325,G
Q9BUL9,G
P35244,G
P40416,TM
P22035,G
Q9JHR9,G
Q08465,G
Q8BHN3,G_SP
Q9WUF2,G
O67854,TM
Q99590,G
Q38895,G
Q03388,G
Q9Y7V2,G
Q05359,SP_TM
Q9NWM8,G_SP
P18956,G_SP
P26651,G
O94247,G
P0AAI4,SP_TM
C7Z7K1,TM
P0C0S1,TM
O75509,SP_TM
P54107,G_SP
Q9M4A2,G
P07766,SP_TM
Q67QF2,G
P14667,G_SP
Q9I9E1,G
Q9PTN2,G
P07110,G_SP
P0C0T5,G_SP
O74736,G
P0ADV1,G_SP
P39325,G_SP
P43902,G
Q03782,G
P80961,G_SP
P28067,SP_TM
O34767,G
Q86BL4,G
P17543,G_SP
Q96EB1,G
F8W463,TM
P46739,G_SP
P52172,G
Q9H467,G
Q03701,G
P29243,G_SP
Q04199,G
O43148,G
P17010,G
Q8CCH7,G
O61460,SP_TM
Q8RXD6,G
Q13952,G
P0ABZ6,G_SP
O01422,G
P12109,G_SP
P75801,SP_TM
P19249,G_SP
P04369,G_SP
P15270,G_SP
A1YKT1,G
P21413,G_SP
O94481,G
P04141,G_SP
Q51945,G
Q6UXH1,G_SP
O74856,G
Q9P3U8,G
O74448,G
Q93ZM9,G
P29822,G_SP
Q1MTQ0,G
P13661,G_SP
P09331,G_SP
P50947,G
P19656,G_SP
Q92542,SP_TM
Q7XAK4,G
Q9ER63,G_SP
Q9W603,G
P86937,G
Q5LJ26,G
Q9UT09,G
P40971,G
P54843,G
O13807,G
Q8I7Z8,G
Q96PD4,G_SP
P04981,G_SP
Q46ZI4,G
P12387,G_SP
P21350,G_SP
Q15916,G
Q9CJ45,G
Q9QXK2,G
Q9X1B7,TM
O94991,SP_TM
Q8TBZ0,G
O35295,G
P12796,G_SP
Q3YBR2,G
Q8RUT8,TM
Q9UT48,G
Q9US07,G
Q9ZWA1,G
P98172,SP_TM
P06180,G
Q7Z7M0,SP_TM
P0C0Y7,TM
Q8KRK5,TM
Q8L4H0,G
Q03372,G
P02649,G_SP
Q6VUP9,G
P97769,G
Q8NKX2,G_SP
Q9BWW7,G
A3CWV0,TM
P70056,G
P29029,G_SP
Q9GZV9,G_SP
Q04692,G
O95619,G
Q6ZQA6,SP_TM
P22134,G
Q08119,G
Q06053,G
Q27967,G_SP
P20533,G_SP
Q92896,SP_TM
P34342,G
P34232,G
Q54468,G_SP
Q08722,SP_TM
P36093,G
P04198,G
P23619,G
B7JAQ0,G_SP
Q9W0K4,G
Q99795,SP_TM
P04437,G_SP
Q9NV56,G
Q24523,G
Q14863,G
P00738,G_SP
Q9XF62,G
P21513,G
P69811,G
Q16674,G_SP
Q8T0Y7,G_SP
O95248,G
Q8BX46,G
P53552,G
Q24325,G
O53079,G
P40967,SP_TM
P0AEC3,TM
P78549,G
P08308,G
Q13261,SP_TM
P35817,G
Q9M086,G
Q9Z0U4,SP_TM
Q56YJ8,G
P09790,G_SP
P16114,G
O27985,TM
O43031,G
Q32MZ4,G
P25976,G
P20948,G_SP
P11831,G
Q39234,G
P81549,G_SP
P28068,SP_TM
Q8DJE2,G_SP
P69681,SP_TM
P22335,G
P16150,SP_TM
P45796,G_SP
Q62481,G
P01217,G_SP
P40189,SP_TM
Q949Y3,G_SP
P0A6K1,G
Q5SQ64,SP_TM
P53834,G
Q99289,G_SP
P28825,SP_TM
P87315,G
P0AGF4,TM
P46676,G
Q9H6X2,SP_TM
P18615,G
P16989,G
Q8R9C0,TM
Q9KZP1,G
P25103,TM
O75150,G
Q9EXP2,G
P53768,G
P56968,G
P70459,G
Q8IMA8,G
P52572,G
Q03383,G_SP
Q9SUS1,G
Q9ZPY8,G
Q95YM8,G
P12383,G
P22939,G
O80536,G
P15172,G
P53867,G
P36096,SP_TM
Q8GHL1,G
P13504,SP_TM
Q08705,G
P62318,G
Q8W1K8,G
Q05186,G_SP
Q6TPK4,G_SP
P40068,G
Q8N165,G
Q9H8J5,SP_TM
Q9UBE0,G
Q13224,SP_TM
P06722,G
O75844,TM
P35195,G
P0AD59,G_SP
P09920,G_SP
Q08214,G
Q9USG9,G
Q3ULA2,G
Q6UXB2,G_SP
P53920,G
P48987,G
Q15392,SP_TM
P17169,G
P80604,G_SP
P23467,SP_TM
Q9Y7N3,G
Q5U623,G
P53121,SP_TM
P06513,G
Q9HGK9,G
Q16254,G
P53634,G_SP
Q9M069,G_SP
Q9U943,G_SP
Q9LYP5,G
Q08687,G
P77368,G_SP
P47130,G
Q59112,G
Q02246,G_SP
P35206,SP_TM
O31539,TM
Q03834,G
Q9H244,TM
Q8DIF8,TM
P13720,G_SP
P22289,TM
P53975,SP_TM
P50531,G
Q10576,G_SP
Q9UUC7,G
Q9S7Z2,G
Q8T0W2,G_SP
Q9NSY1,G
Q9NY72,SP_TM
Q95QD7,G
Q8TE85,G
Q9H3D4,G
P77499,G
P53040,G
Q9NAX4,G_SP
P01633,G_SP
Q88YL5,G
Q9RSN7,G
Q07739,G
Q9LDE4,G
O95994,G_SP
Q9NR16,SP_TM
Q5NAT0,G_SP
Q9Y4X4,G
Q8NAU1,SP_TM
Q9P6L2,G
Q72MG8,G
Q99091,G
Q0ZCJ7,G
O00321,G
Q9C932,G
Q13797,SP_TM
Q92765,G_SP
P68575,G
P29383,G
Q9P0W0,G_SP
P34810,SP_TM
Q57837,TM
P39678,G
O74485,G
Q96JJ7,SP_TM
Q9C0W2,G
Q51883,G_SP
Q4WBS1,G_SP
P16893,SP_TM
P0C192,SP_TM
P39043,G
P32199,G
E5QVT2,TM
Q9W3C1,G
P37902,G_SP
P53628,G
Q6LZY8,TM
Q96DI7,G
Q9GKK3,G_SP
Q9BZR6,G_SP
Q13115,G
O88939,G
Q99MA9,G
P01160,G_SP
P07662,G_SP
P40535,G
Q8WXA9,G
P32505,G
P09208,SP_TM
Q06629,G
P16620,SP_TM
Q95604,SP_TM
Q08032,G
Q15583,G
P0C2S1,G_SP
P07552,TM
P23550,G_SP
Q9NP99,SP_TM
Q9K0A9,TM
P0A6L4,G
P35428,G
P62722,G
P08012,G_SP
P21519,G
P70396,G
O60583,G
O06871,G_SP
P35089,TM
P69051,TM
O29867,TM
O74458,G
P25042,G
Q80UL9,SP_TM
P23857,G_SP
Q15543,G
Q62722,G
Q03431,SP_TM
Q8DIQ1,TM
Q9UBT2,G
P15619,G
O34689,G
Q08237,G
P0A731,G
P78714,G
P03375,SP_TM
P09799,G_SP
P47988,G
P16112,G_SP
O74418,G
P13552,G
O80324,G_SP
P12954,G
P04196,G_SP
P40804,G
O94311,G
P60008,G
P15699,G
P33694,G
P15289,G_SP
Q9H0U3,SP_TM
P0A9K7,G
Q01201,G
Q5SH67,TM
P14064,G
Q02VB0,G
P17872,G_SP
P10257,G_SP
O95373,G
Q1MTR4,G
Q7XPY1,G
O34313,G_SP
P14892,G_SP
Q9P7C0,G
P35822,SP_TM
Q58439,TM
Q9FLT2,G
Q11107,G
P29030,G_SP
O88507,SP_TM
O61661,G
Q9H0W9,G
Q9UVI4,G_SP
O43291,SP_TM
Q5SJ80,TM
Q03570,G
P15533,G
P25649,G
P38208,G
Q9NRR1,G_SP
P27755,G_SP
O08789,G
Q8IYS2,SP_TM
Q12151,G
O13351,G
Q9NZC4,G
P15926,G_SP
P09012,G
Q44642,G_SP
P01364,G_SP
Q91XR9,G
O74999,G
Q6ISU1,SP_TM
Q6P1N0,G
Q02795,SP_TM
Q8R2Y2,SP_TM
Q59646,TM
Q9WVL5,G
O43781,G
P40465,G
Q07471,G
O94586,G
O13650,G
P76341,G_SP
O95273,G
P0A964,G
P35637,G
P31133,G_SP
P05827,G
Q9Y6J9,G
Q14210,G_SP
Q24247,SP_TM
Q6P9G4,SP_TM
Q925F4,G
Q10723,G_SP
Q9UKA2,G
P53566,G
O74740,G
Q7PLI2,G
Q14CB8,G
Q57817,TM
Q29437,G_SP
Q800Y2,G_SP
P09619,SP_TM
P21151,G
P38302,G
P19594,G_SP
Q9Y794,G
Q6TRW4,G
O94397,G
P16225,G_SP
Q03214,G
Q26486,G
P69795,G
Q8IUH8,SP_TM
P10163,G_SP
P38737,G
P09893,G_SP
P36613,G
P0A855,G_SP
Q8IWT1,SP_TM
P33144,G
P34082,SP_TM
Q9UT76,G
P28307,G_SP
P43572,G
Q8NBP7,G_SP
P41695,G
Q96CG8,G_SP
P13727,G_SP
Q9LXD6,G_SP
Q62902,SP_TM
P16471,SP_TM
Q8XB41,G
Q82S91,G_SP
P06680,G_SP
P12259,G_SP
P06127,SP_TM
O65039,G_SP
P53114,G
Q05201,G
P9WPP9,G
Q86V15,G
Q02361,G
P25210,G
P04635,G_SP
Q9NVW2,G
O00267,G
P52654,G
Q91690,G
Q9N425,G
Q17295,G
P53853,G
Q9XTG1,SP_TM
A9A677,TM
Q9JL19,G
Q01371,G
Q99003,G_SP
Q6UX52,G_SP
O14981,G
Q9FQ19,G
P54791,G
P16621,SP_TM
P06535,G
P22334,G_SP
Q03723,SP_TM
P0A790,G
Q08864,G
P23507,G_SP
P01019,G_SP
O35598,SP_TM
P08044,G
Q6PDM1,G
P55320,G_SP
P53125,G
Q9H9K5,SP_TM
P13689,G_SP
P22579,G
P55773,G_SP
Q39649,G_SP
O18971,G
P07665,G
Q06505,G
P24014,G_SP
P19156,TM
Q9NYQ6,SP_TM
O00311,G
P35712,G
O01367,G
Q12373,G
Q9P374,G
P18330,G
P11978,G
P34314,G
Q94424,G_SP
P14944,G_SP
Q96S96,G_SP
Q05437,G
Q9V9W8,G
P38291,G
P19456,TM
Q02749,G
Q80W68,SP_TM
P04738,G_SP
Q92355,G
F1NZP5,SP_TM
P38691,G
Q19319,SP_TM
Q8W4L5,G
Q05048,G
P04386,G
P07639,G
Q09685,G
P0DJO8,G
Q9USM1,G
P09089,G
Q03406,G
P13730,G_SP
P38377,TM
P10342,G_SP
Q8W2F3,G
Q86VZ4,SP_TM
Q12068,G
O75592,G
Q8IZF2,SP_TM
Q9P7M1,G
P23895,TM
P48842,G_SP
Q12046,G
P23255,G
P34257,G
P0ABN1,TM
P18828,SP_TM
Q9RQB9,G_SP
O31784,G
Q9UK76,G
O34769,G
O05156,G_SP
P54733,G
Q9NBW4,G_SP
Q8IVL1,G
P25371,SP_TM
O28625,TM
P38830,G
P54789,G
O35885,G
P29776,G
P53877,G
P08949,G_SP
Q9XSC9,G_SP
P53218,G
Q9FGT7,G
P29620,G
P33393,G
P05090,G_SP
P42858,G
Q9BWT1,G
P32367,G
P43489,SP_TM
Q9UIL8,G
Q9R0G7,G
Q9U3C8,G
P06030,TM
Q9XSR3,G
P12634,G_SP
Q12866,SP_TM
Q96T76,G
Q9BSF8,G
P23498,G_SP
P14262,G_SP
P38850,G
P0A1Y2,G
P55000,G_SP
Q6L545,G
Q67EU8,G
Q9WY60,G
Q9FYG2,G
P02810,G_SP
O13539,G
Q9LRH6,G
P26754,G
Q8N6I1,G
Q88Z97,G
P56202,G_SP
A2TJI4,G_SP
Q5FWE3,SP_TM
P27623,G
P13385,G_SP
Q9Y6X0,G
P11113,G_SP
Q14517,SP_TM
P32626,G
Q05884,G_SP
O46339,G
P52550,G
P43555,SP_TM
Q8LPU4,G
P51945,G
P10069,G
Q9UM63,G
Q96RQ9,G_SP
Q9EQR6,G
Q9ESJ7,G
O04479,G
P46883,G_SP
Q9UFW8,G
O96559,G_SP
P12070,G
P19401,G_SP
P33547,G
Q8TB96,SP_TM
Q10651,SP_TM
P02745,G_SP
P11218,G_SP
A8N031,TM
P53567,G
Q9SU25,G
Q99PJ1,SP_TM
Q12509,G
P42081,SP_TM
O57406,G
Q9H293,G_SP
Q6PSU2,G_SP
P68699,TM
P43528,G_SP
P25569,G
P15919,G
P10362,G_SP
Q86SU0,SP_TM
Q5QF96,TM
O18400,G
P07903,G
P13468,G
P43843,G_SP
Q62230,SP_TM
P18103,G_SP
Q08422,G
Q99090,G
P47178,G_SP
P40601,G_SP
P0A9F9,G
P07269,G
O02073,G
Q9ERR2,G
P0C058,G
P13267,G
Q03164,G
P29422,G
Q9Z4Q7,G
A5VKT4,G
P31101,G
Q9LXV2,G
O08722,SP_TM
P58154,G_SP
Q0JF21,G_SP
P31418,G_SP
Q1XA76,TM
Q13426,G
O13754,G
P38828,G
Q12753,G
Q86WB0,G
O75586,G
P60664,G
Q15306,G
Q42384,G
P14922,G
P0A821,G
Q46877,G
B0JFB8,G_SP
Q9HGK2,G
P31110,G_SP
P02916,TM
Q7L513,G_SP
P33339,G
Q03776,G
Q7Z713,G
Q9PKR0,G
Q06525,G
Q9Z0L0,SP_TM
Q08278,G
Q14242,SP_TM
O15353,G
P36048,G
O70279,G
P22922,G_SP
Q12962,G
P0AGM7,TM
P09081,G
P11701,G_SP
P06302,G
Q9NDE7,G_SP
Q15326,G
O94711,G
O94993,G
P16026,G_SP
P38255,G
P18296,G
Q1DES4,G
P47863,TM
P01150,G_SP
P09335,G_SP
Q96WV9,G
Q14674,G
P33219,G_SP
O08750,G
P0C1S5,G_SP
Q6E0U4,G_SP
P49369,G_SP
O35305,SP_TM
Q96Q83,G
Q5SKE6,TM
P96116,G_SP
P34161,G
P07248,G
Q9C107,G
P52906,G
Q47459,G_SP
Q9DGI0,G_SP
O60902,G
P10153,G_SP
P9WJI5,G
P02783,G_SP
O33599,G_SP
P68350,G
P0A7A5,G
O74796,G
Q9GYK2,SP_TM
P05119,G_SP
P02462,G_SP
O83614,G
Q05749,G
Q92021,G
P61318,G_SP
P38429,G
P57789,TM
B6EU02,G
Q9HGL4,G
P09889,G_SP
P24279,G
P80735,G
O09053,G
P45131,G
P81608,G_SP
Q9P6R2,G
Q3J125,TM
P07273,G
Q9NY15,SP_TM
Q00453,G
Q86XR5,SP_TM
P10281,G_SP
P62598,G
P35811,G_SP
P0A9D8,G
Q9YDF8,TM
Q8WZK0,G
P05790,G_SP
P40467,G
P23511,G
Q2VWH6,G
Q92830,G
O15943,SP_TM
Q9SYK4,G
Q9QUS4,G
P21244,G
P41765,G
Q38796,G
P80069,G_SP
Q27272,G
Q63003,G
P10962,G
O13547,G_SP
Q8IVW6,G
Q12192,G
Q8D2K9,G
P23230,TM
Q5SZK8,SP_TM
Q9Y815,G
P15570,G_SP
Q13308,SP_TM
Q01911,G
O83776,G
P90978,G
P08294,G_SP
Q8N9N8,G
Q9HC52,G
O88689,SP_TM
Q20497,G
Q5HZG4,G
P35632,G
Q86XX4,SP_TM
P53968,G
P10762,G_SP
Q7Z6K1,G
Q12127,G_SP
Q10424,G
Q9UM73,SP_TM
P12729,G_SP
P47093,G
P91753,G
O24646,G
Q8TAD8,G
O95715,G_SP
Q8LGD5,G
P13717,G_SP
P41154,G
P46989,SP_TM
Q9D0D5,G
P0A962,G
O14063,G
P31384,G
P33673,G_SP
Q04089,G
P23979,SP_TM
P55283,SP_TM
P08830,G_SP
Q7Z5B4,SP_TM
P35192,G
Q9H3P2,G
P20933,G_SP
O43157,SP_TM
Q7ZT46,G
P00693,G_SP
P18336,G_SP
Q9NX01,G
P10627,G
Q9R1T5,G
Q55025,G_SP
Q61091,SP_TM
Q90ZE2,G
Q8GUU3,G
Q05549,G
Q8C7E9,G
Q16186,G
P23176,G_SP
O02786,G
O76039,G
P37683,SP_TM
Q07864,G
Q9Y7Y5,G
Q12216,G
P38207,G
Q9SCJ9,G
P40859,G
Q12948,G
P16368,G_SP
O42924,G
Q86U86,G
P34707,G
Q8SX83,G
Q01819,G_SP
P40154,G
P38222,G
P01068,G_SP
Q9S9K9,G
Q6U7R4,SP_TM
P08120,G_SP
P12239,TM
P51123,G
Q56446,TM
P24802,G_SP
P31572,G
P0AG80,G_SP
P41969,G
Q9HCG8,G
O82804,G
Q05044,G_SP
Q7XJM8,G
P13528,G
Q76MX4,G
Q2RQ23,TM
Q9NPI8,G
P62316,G
P09661,G
Q01083,SP_TM
Q9Y639,SP_TM
Q2JJF6,TM
Q03373,G
P22034,G
P49960,G
O94446,G
P35481,G_SP
P10275,G
O43513,G
Q9BV90,G
O35137,G
P47027,G
P42454,G
P29774,G
Q72GR9,TM
P97460,G
Q96FI4,G
P37699,G_SP
P04706,G_SP
P37218,G
Q9VJQ5,G
Q9HC07,SP_TM
Q96PN7,G
Q8L5C6,G_SP
P02924,G_SP
P38319,G
Q9HE02,G
P24309,G
Q9UBV2,SP_TM
Q8IFJ8,G_SP
P21860,SP_TM
P24258,G_SP
P47175,G
P96729,G_SP
Q01996,G_SP
P07360,G_SP
Q92560,G
P0AGC3,G_SP
Q64424,G_SP
P07700,TM
P83618,G_SP
P17854,G
P28175,G_SP
P41594,SP_TM
Q03828,G
Q9NZN1,SP_TM
Q7UEU9,G
P09234,G
Q8SW18,G
P40197,SP_TM
O14114,G
Q9NPC7,G
Q9LMA8,G
P25445,SP_TM
O94443,G
Q07WU7,G_SP
P93022,G
Q9S5G3,G
Q08746,G
Q9UM82,G
Q03405,G_SP
P0A953,G
P11797,G_SP
P05084,G
O44443,SP_TM
B1XBJ1,TM
P68183,TM
P25718,G_SP
Q84VG7,G
P53873,G
Q9JJZ6,G
P07915,G_SP
P32876,TM
Q05526,G
P19438,SP_TM
P12904,G
P0A9F6,G
Q9SKN5,G
Q8WXF3,G_SP
C3NQD8,TM
P36626,G
P38863,G
P44442,G
P10912,SP_TM
P80428,G
P69380,TM
Q24472,G
P21814,G_SP
Q09750,G
P34253,G
Q03691,SP_TM
Q00971,G_SP
Q8TBF5,SP_TM
P05155,G_SP
P53896,SP_TM
Q27022,G_SP
Q8GWK1,G
Q9NJG9,G
Q9ULX3,G
B6K9M7,SP_TM
Q59685,G
Q9Z2Q8,G
P20241,SP_TM
Q8WUT4,SP_TM
Q17784,G
P40914,G
P26202,G_SP
A2AM29,G
Q26635,G
P05788,G_SP
P11220,G_SP
Q822X6,G
P52950,G
Q92522,G
Q05959,G
P10074,G
P17629,G
Q9ZV65,G
P13765,SP_TM
P40032,G
P22216,G
Q8QFR2,G
P60546,G
P38210,G
O89107,G_SP
Q8EHE6,TM
O13286,G
Q2S2F8,TM
Q9Y5B0,G
Q05027,G
P07140,G_SP
P26327,G_SP
Q9H147,G
Q03060,G
P0C8E7,G_SP
Q8BM75,G
Q9LKL2,G
P63272,G
P38448,G
Q9HBG7,SP_TM
Q70LM3,G_SP
Q8QG92,G
P52288,G
P01344,G_SP
Q95Q95,G
O94326,G
P76172,G_SP
P23044,G_SP
P34910,SP_TM
P52197,G
Q61885,SP_TM
Q03035,G_SP
P41739,G
Q08380,G_SP
O01501,G
P04038,TM
Q8TEM1,SP_TM
Q14956,SP_TM
Q83EK8,G_SP
P83632,G_SP
P11350,TM
O93327,G
P12959,G
Q13156,G
P08236,G_SP
P07834,G
P01263,G_SP
Q7M3M8,G
Q9Z206,G
P43313,G
P23613,G_SP
Q9Y7V1,G
P13266,G
P14789,G_SP
Q8RJB2,G
Q9UKV3,G
P32566,G
P03390,SP_TM
Q8LL04,G
Q6UB98,G
P01186,G_SP
P60061,TM
Q10573,G
Q96AP7,SP_TM
P0ABA0,TM
P09056,G_SP
P60716,G
Q12546,G_SP
P14736,G
P09373,G
Q12368,G
P35177,G
Q3U4H6,G
P95435,G
Q32SG6,G
P09798,G
Q02638,G
P08194,TM
Q27368,G
Q9FJK3,G
P53333,G
Q21625,G
P30291,G
O24606,G
P21525,G
P33590,G_SP
Q02100,G
P24387,G_SP
P80686,G_SP
P15586,G_SP
Q86XS8,SP_TM
P24278,G
P29673,G
Q9VBW6,G
Q9NXR8,G
P26326,G_SP
O94538,G
P24488,G
P49919,G
O75486,G
Q15155,SP_TM
P24121,G_SP
Q92563,G_SP
P0A669,G_SP
P32927,SP_TM
P06777,G
Q84VX3,G
P09145,G
Q23534,SP_TM
P05997,G_SP
P16100,G
P0C0L2,G
Q72EF4,TM
P0A6H5,G
Q92376,G
P42259,TM
P46947,G
Q9UK55,G_SP
Q9FJA2,G
P02724,SP_TM
Q9M0S4,G_SP
P52655,G
Q96PD5,G_SP
Q5JRA6,SP_TM
Q59544,G_SP
Q7TT18,G
Q8WW12,G
Q9H910,G
P35251,G
Q9UT72,G
O74308,G
Q04912,SP_TM
P22005,G_SP
P41546,G
P06684,G_SP
P56225,G
Q9EYW6,G
O54788,G
P06839,G
Q9HAW4,G
P40562,G
P27918,G_SP
P13224,SP_TM
P21616,TM
P40366,G
P0A333,TM
P48382,G
P0A9F3,G
Q8L5J1,G_SP
P38324,G
Q8TZK2,TM
Q1RNF8,G
O88621,G
Q5MJ70,G
O60242,SP_TM
O34877,G
P08011,TM
Q9LJD7,G
P16871,SP_TM
Q9HD45,SP_TM
P18192,G_SP
P0A7A9,G
Q1RIS8,G
O66465,TM
Q23696,G
Q14562,G
P08638,G
P0A9J6,G
P14784,SP_TM
P50228,G_SP
P52926,G
Q12309,G
Q19691,G
P42771,G
Q58WW2,G
P14900,G
Q9UBG0,SP_TM
Q8R4E9,G
P87060,G
Q83HQ8,G
P69783,G
Q949S9,G
P17342,SP_TM
P06838,G
P94691,G_SP
P51837,G
P75885,SP_TM
P34537,G
P92507,TM
Q32SG5,G
Q7LKZ5,G
P29241,G_SP
P22814,G
O57683,G
O42898,G
P44544,G_SP
Q05335,G
P09394,G_SP
Q9Y6C2,SP_TM
O95751,G
P34234,G
P37398,G
P31830,G_SP
P9WNG3,G
P10425,G_SP
Q40152,G
Q05831,G
Q03433,G
P96740,G_SP
P23188,SP_TM
Q08002,G_SP
P80108,G_SP
Q9VEC3,G
P13673,G_SP
O94953,G
P40830,G
P41121,G
P10908,G
O17450,G_SP
P37173,SP_TM
P04054,G_SP
P49771,SP_TM
Q06338,G
Q8IZP9,SP_TM
O42904,G
Q9Y5N6,G
Q9Z6W0,G
Q8T635,G_SP
P0A6I6,G
P45951,G
Q9P298,TM
P97797,SP_TM
O09112,G
P15522,G_SP
Q9UHV7,G
Q06106,G
Q1DB04,G
P01077,G_SP
Q23316,SP_TM
Q9NPA0,SP_TM
B6KV60,SP_TM
Q01589,G_SP
Q09228,G
P32169,G
P09319,G_SP
P53331,G
P38262,G
P18173,G_SP
Q13887,G
Q8I7X1,G_SP
Q9S3R9,G_SP
Q3KQ35,G
P04278,G_SP
P11115,G
P19782,G
Q12415,G
P27177,G_SP
Q9P7X2,G
Q03NM0,TM
Q99288,G
P09179,G_SP
Q04048,G
Q9N3X8,SP_TM
P9WG65,G_SP
P0A948,G
Q03220,G
O60141,G
O60094,G
Q9USP1,G
P0C1D7,G_SP
Q01664,G
P44569,G_SP
O14196,G
P07004,G
P33441,G
P04036,G
O59780,G
P25500,G
P19835,G_SP
Q9HBE1,G
P20730,G_SP
Q28631,G_SP
Q8N6G6,G_SP
P05156,G_SP
P09787,G_SP
P38008,G_SP
P35248,G_SP
P36894,SP_TM
Q9GSA4,G_SP
P28770,G_SP
P22608,G
Q8GZM7,G
P10384,G_SP
Q6UWV6,SP_TM
P79007,G
P27050,G_SP
O32266,G
P41002,G
P40993,G
P53727,G
Q5VVJ2,G
O51160,G
Q14392,SP_TM
P53277,G
Q26417,G
P0A6Y5,G
Q9UT04,G
Q9C2Z0,G_SP
P05546,G_SP
P56915,G
P05527,G
Q8BMI0,G
Q9FQ03,G
Q7UJ52,G
P23925,G_SP
Q6P1B3,SP_TM
Q47N75,G
P24093,G_SP
O76942,G_SP
P11880,G
P16757,SP_TM
Q9HAZ2,G
Q9BQT9,SP_TM
P97822,G
Q9P2K5,G
Q24143,G
P08829,G_SP
P16454,G_SP
O60462,SP_TM
Q7YZH1,G
P84888,G_SP
P09762,G_SP
P32803,SP_TM
P70662,G
P40238,SP_TM
Q2VWA4,G
P02663,G_SP
P05112,G_SP
Q10422,G
Q09260,G
Q93MW7,G_SP
Q02487,SP_TM
Q24491,G
Q69YI7,G
O97939,G_SP
P50176,G
Q02242,SP_TM
P29747,G
P13036,G_SP
Q99990,G
P02750,G_SP
O59836,G
Q04779,G
Q13029,G
Q00466,G
P16933,G_SP
P25625,SP_TM
P19203,G_SP
P24061,G
P28181,G
P29084,G
P40492,G
O88286,G
P15260,SP_TM
Q9H7Z6,G
Q9XGM2,G
Q57142,G_SP
Q9CRD2,G
P23206,G_SP
P20271,G
P21190,G
Q9Y8G8,G
P09087,G
P20963,SP_TM
P14737,G
P21163,G_SP
P40567,G
Q7Z5L0,G_SP
Q70Z53,G
Q8IU57,SP_TM
P33579,G_SP
O94589,G
P38149,G
A6KZA8,G
O02789,G
Q8VI67,G
P10563,G
Q8Y0A1,G
Q9HEV5,G
Q84J70,G
P69922,G
Q9P790,G
P35334,G_SP
P23499,G_SP
P51529,G_SP
P41896,G
Q60557,G_SP
P31271,G
Q9UHB7,G
P40356,G
O42666,G
P16575,SP_TM
O88665,G
Q3U2S8,TM
Q01940,G_SP
P01374,G_SP
P0A8P1,G
Q8IYD8,G
P31629,G
A5GZW8,TM
P03998,G_SP
P26842,SP_TM
P04114,G_SP
Q9WTJ2,G
Q59639,G_SP
Q9SAK5,G
Q7KHG2,G
Q10587,G
P28004,G
P20227,G
Q9XYT4,G_SP
O29988,TM
O94301,G
P13595,SP_TM
Q9P3A8,G
Q9U7C9,G
P36955,G_SP
Q9P0K1,SP_TM
O95881,G_SP
P0AED0,G
P55995,G
Q05913,G
P11018,G
P12293,G_SP
P31697,G_SP
O22476,SP_TM
P07623,G
P13829,G_SP
P47938,G
B3Y963,TM
P08174,G_SP
Q15544,G
P53538,G
P06729,SP_TM
Q570C0,G
Q94JU3,G
Q9URY7,G
Q08050,G
Q8WXU2,G
P40259,SP_TM
P25583,G
P42695,G
P15865,G
P22088,G_SP
P98066,G_SP
Q99612,G
O14924,G
Q8LK56,G
Q9Y4A5,G
Q12146,G
P24702,G_SP
P07272,G
Q16827,SP_TM
Q08949,G
Q2FZL3,G_SP
Q04213,G
Q07703,G
Q934G3,G_SP
P35189,G
P02765,G_SP
P51858,G
Q96QR1,G_SP
Q924C5,G
P37019,TM
Q99538,G_SP
P03524,SP_TM
Q53778,G
Q10574,G
P07380,G_SP
O77801,G_SP
Q9HCS4,G
Q9Z2B5,SP_TM
Q39211,G
Q6YDN9,G_SP
Q9T014,G
P0A6Q6,G
Q40477,G
P38434,G
Q7KSD8,G
P40957,G
P19400,G_SP
P08622,G
Q9C1W9,G
O14443,G
P13909,G_SP
P10379,SP_TM
O75319,G
P53958,G
Q8WP90,G_SP
P12273,G_SP
Q21706,SP_TM
P11000,G_SP
Q02286,G
O75144,SP_TM
P13627,SP_TM
Q24825,G_SP
P49639,G
P69791,G
Q12049,G
P23903,G_SP
P54582,TM
Q9UBP4,G_SP
P22748,G_SP
O22607,G
P53946,G
Q62765,SP_TM
Q07794,G
A6QIG7,G_SP
P50637,TM
Q3UZD5,G
Q9NSA1,G_SP
P52946,G
P08657,G
P37387,G_SP
Q8IZU0,G
P35398,G
Q12418,G
Q9X4Q7,TM
O00180,TM
P25627,G
Q9UMF0,SP_TM
Q9EQ10,G
Q75RY2,G
Q8K203,G
P54710,TM
P68259,G_SP
P42744,G
P49759,G
Q10332,G
P09956,G
P19247,G_SP
Q02942,G_SP
P59055,G
Q5YDB6,G
Q9Z265,G
P42111,G_SP
P54304,G
P24071,SP_TM
O17514,G
P13429,G_SP
P0A6J8,G
P0AGJ9,G
P53804,G
Q28133,G_SP
Q9BWV1,SP_TM
Q9FU27,G
O13722,G
P06205,G_SP
Q96I25,G
Q6Q4D0,G
Q9EST8,G
P32851,TM
O60565,G_SP
P76407,G
P40136,G_SP
P34754,G_SP
O60844,G_SP
P78552,SP_TM
Q9NL38,G_SP
P82998,G
Q9ZR39,G
Q6P5F6,SP_TM
O14497,G
P51532,G
P50219,G
P0ADA1,G_SP
P53615,G
Q27415,G
Q9UBC3,G
O74778,G
Q05635,G
Q7VQM3,G
P60611,G
P55818,G
P55057,G_SP
P16700,G_SP
D0VWR5,TM
P50488,SP_TM
Q03352,G_SP
Q8NBI3,G_SP
O43008,G
Q15904,SP_TM
P0C6P1,G_SP
P47928,G
Q9JMG6,G
Q06213,G
P20949,G_SP
Q08143,G
O00478,SP_TM
O14744,G
P20290,G
Q9Y7Z6,G
Q64610,G_SP
Q9BQB4,G_SP
Q6P1J9,G
P05458,G_SP
Q9GZX6,G_SP
P60919,G
Q8IUM7,G
O02755,G
P30920,G_SP
Q99627,G
P29547,G
P83513,G_SP
Q9USX3,G
P93831,G
P21782,G_SP
P37379,G
P42578,G_SP
P36204,G
O76565,SP_TM
P0A6K6,G
P84516,G_SP
Q940D0,G
P52890,G
Q8JFY9,G
P03001,G
Q8CG72,G
Q96JZ2,G
P87314,G
P29303,G
P0A8S9,G
Q7YT83,G_SP
Q08963,G
P30986,G_SP
P38786,G
P45478,G_SP
P18494,G
Q9U572,G_SP
P26951,SP_TM
Q8C863,G
P38241,G
P08560,SP_TM
P22813,G
P00423,TM
Q8R5I7,G
P30440,G_SP
P14543,G_SP
O66821,G
P56690,G
Q969J5,G_SP
P11609,SP_TM
P11312,G_SP
P57781,G
P05047,G_SP
Q99549,G
Q96NY8,SP_TM
P07492,G_SP
P0A715,G
Q64314,SP_TM
Q22292,G
Q6AWJ9,SP_TM
O13834,G
P39001,G
P17164,G_SP
Q04264,G
Q9H5F2,G
Q5KYD1,TM
P39844,G_SP
P18317,G
P14133,G_SP
Q26239,G_SP
P0CZ18,G_SP
P32863,G
P06601,G
P39653,G_SP
P18510,G_SP
Q9SY69,G
Q06340,G
Q9USY4,G
P12630,G_SP
P25615,G
P02718,SP_TM
Q9JKY0,G
P21583,SP_TM
Q95RJ9,G
P53627,G
P38772,G
Q9USY2,G
P45976,G
P25062,SP_TM
P06280,G_SP
Q5EAW4,G
D6R8X8,TM
P54322,G
Q9UTS5,G
P19424,G_SP
Q08421,G
Q01159,G
Q28949,G_SP
O74942,G
P29458,G
Q04603,G
Q9H582,G
Q02099,G
O59746,G
Q9F1L5,G_SP
P09333,G_SP
P19080,G
P49869,G
Q06091,G
P43629,SP_TM
P0A796,G
Q805F9,G
P40380,G
Q42479,G
P79119,G_SP
P02896,G_SP
Q9VDY1,G
Q03375,G
Q8IXH6,G
P63231,TM
P05825,G_SP
P20840,G_SP
P24251,G
P28340,G
Q04688,G
P01740,G_SP
P02752,G_SP
P23843,G_SP
P40802,G
Q6UX39,G_SP
P16860,G_SP
P16474,G_SP
Q9C9E3,G
O94495,G
Q12019,G
P27951,G_SP
Q9FXD6,G
Q7B2Z6,TM
Q9JMI7,G_SP
P25151,G
P53366,G_SP
O60056,G
Q57449,G_SP
D0VWV4,TM
Q9UTL9,G
Q81BL7,TM
Q8K1G2,SP_TM
Q02516,G
Q15109,SP_TM
P04148,G_SP
Q92692,SP_TM
Q9APM5,G
Q09808,G
P77718,G
Q04756,G_SP
Q05937,G
P29323,SP_TM
P25236,G_SP
P34639,SP_TM
O74803,G
O44514,G
P21995,SP_TM
P18488,G
Q84J39,G
P04744,G
Q12947,G
Q9NL39,G_SP
Q9VFP2,G
P15704,G_SP
Q9HCN6,SP_TM
P20293,G
Q57483,G_SP
Q99733,G
P22320,G
Q94126,G
Q96KC8,SP_TM
P00150,G_SP
P83326,G_SP
P42193,G
P48634,G
P55776,G_SP
P08960,G_SP
P09384,G
P60467,TM
Q9NQX1,G
Q5DW47,G_SP
Q8BMQ3,G
O95998,G_SP
Q72XQ0,TM
Q12345,G
P40019,G
P08825,G_SP
Q8LEA8,G
P55317,G
Q9NDJ2,G
Q01117,G_SP
Q9UUD2,G
P20333,SP_TM
B0XRV0,G_SP
Q9UTM3,G
Q9Y6N7,SP_TM
Q8DIA3,G
Q24119,G
Q99314,G
P23505,G_SP
O14944,SP_TM
Q96FE5,SP_TM
P42195,G
Q6RJQ3,SP_TM
P56581,G
Q7URC7,G
Q41350,G_SP
Q9Y5Y7,SP_TM
Q8GPG1,G_SP
P39413,G
P09391,TM
P29027,G_SP
P27828,G
Q57130,TM
Q8WWA0,G_SP
Q03961,G_SP
Q9R0L4,G
A3DH67,G_SP
P51808,G
A8CL69,G_SP
Q8TBP5,SP_TM
P62487,G
Q05158,G
O29777,TM
P25046,G
P69829,G
Q76NW2,G
O83349,G
Q02770,G
P32397,G
P10300,SP_TM
P46849,G
O42648,G
P21614,G_SP
P01744,G_SP
O60682,G
P46667,G
Q9UGT4,SP_TM
Q9X0C8,G
Q9H2F5,G
O07532,G_SP
Q08182,G
Q06623,G
Q9X758,G
P22317,G
P38144,G
O14798,G_SP
Q8WYA6,G
Q09604,G
P47017,G
P46547,G
Q63244,G
Q9RFC8,TM
Q5GQ85,G_SP
O74544,G
O60508,G
P28908,SP_TM
P15336,G
P78581,G_SP
Q9NPH0,G_SP
Q64277,G_SP
O13826,G
Q03935,G
P36137,SP_TM
O59826,G
Q99075,SP_TM
P49905,G
Q01151,SP_TM
O95639,G
Q6UX15,SP_TM
P08796,G_SP
Q3MKQ1,G
Q46705,TM
P76008,G
Q91VE1,G
Q02395,G
A0AVK6,G
O02326,G
Q14119,G
Q6SJQ7,SP_TM
P07642,G
P39704,SP_TM
Q03036,G
O89094,G
Q9GZR1,G
P02701,G_SP
P53692,G
P27344,G
P0A3T3,G_SP
B3A003,G_SP
Q24418,SP_TM
Q07458,G
Q9FLU1,G
Q02796,G
P87317,G
Q27152,G
Q92673,SP_TM
P43292,G
P25714,SP_TM
Q9UQC9,SP_TM
P81999,G_SP
P25364,G
Q8NFW8,G
Q99835,SP_TM
P02727,SP_TM
P28515,G
P41271,G_SP
O13757,G
O94432,G
Q45047,G
P19538,G
Q9FKK2,G
Q107X0,G
Q867Z4,G
P40333,G
Q04891,G
P0A6L2,G
Q9VT57,G
O96019,G
Q9ULI3,SP_TM
Q90YI1,G_SP
O59179,SP_TM
P05160,G_SP
P13399,G_SP
O43365,G
Q38830,G
P40208,G
P53688,G
Q17060,G_SP
Q2I0M4,SP_TM
P18516,G
Q9UBW8,G
P19336,G_SP
Q00816,G
P40847,G
Q9KWG2,G
Q05918,G_SP
P76520,G_SP
P08772,G_SP
P0A0L2,G_SP
P24821,G_SP
O43914,SP_TM
Q9P7B7,G
P30558,SP_TM
Q09322,SP_TM
Q9D219,G
P51689,SP_TM
P29739,G_SP
Q8CCG4,G
P72181,G_SP
Q03750,G
O08574,G
Q14641,G_SP
Q17TI5,G
O54990,SP_TM
P61870,G_SP
O97394,SP_TM
P38782,G
P49736,G
P12314,SP_TM
P22146,G_SP
Q5ZPR3,SP_TM
Q9NZV1,SP_TM
Q9UNN8,SP_TM
Q9Y5Q9,G
Q96I82,G_SP
P09932,G
Q9L7P2,G_SP
Q9RU24,G_SP
P13415,G_SP
Q9FUY2,G
P38993,SP_TM
P16525,G
Q10655,G
Q00630,G_SP
P11912,SP_TM
Q7Z7D3,SP_TM
P21175,G_SP
Q96LT9,G
Q24742,G
P34116,G_SP
Q04003,G
Q01344,SP_TM
Q9USU8,G
O85014,G
P25032,G
Q6P1C6,SP_TM
Q03211,G_SP
P40070,G
Q53GS9,G
Q9Y091,G
Q9VEX9,G
Q86M34,G_SP
P01731,SP_TM
O00874,G
Q9H013,SP_TM
P53255,G
Q66JW3,G
P31420,G_SP
P42450,G
Q01239,G
P14625,G_SP
P53413,G
O31803,G_SP
P08469,G_SP
Q8N5A5,G
P46815,G
P23916,G
P32776,G
Q9LSQ3,G
Q96524,G
P26342,SP_TM
P94690,G_SP
Q9UIF7,G
P06987,G
P09545,G_SP
P01586,G_SP
P12238,TM
Q9W704,G
Q12996,G
Q0P9X8,G_SP
P35823,G_SP
O18979,G_SP
O81242,G
P07471,TM
P14774,G_SP
C5W716,TM
O15431,TM
O74443,G
O94907,G_SP
O74547,G
Q8JFY4,G_SP
Q6UN15,G
Q04727,G
Q95JC9,G_SP
Q9BYH1,SP_TM
Q9H4Z2,G
G1K3Q0,TM
E1C3A0,TM
P09085,G
Q8SVT6,G
O34842,G
P34374,SP_TM
Q00417,G
Q15853,G
Q8N668,G
P50541,G
P62601,G
O95727,SP_TM
Q99638,G
Q09884,G
Q9HE16,G
Q9JK30,G
Q91XT6,G
Q8K4J6,G
P17502,G
O60053,G
Q08562,G
Q9VBW9,G
O97148,SP_TM
O43493,SP_TM
Q9C469,G
P74564,TM
Q9P2Y4,G
Q9ABY6,G
Q6UXB1,G_SP
Q05085,TM
P32829,G
P15647,TM
F2QVG4,TM
Q68CJ6,G
Q06547,G
Q00017,G_SP
P53905,G
Q03631,G
Q12951,G
O97943,G_SP
O62644,G_SP
Q80ZD8,SP_TM
P39848,G_SP
Q04049,G
B2CW77,G
P29459,G_SP
P43124,G
P05067,SP_TM
Q54HS3,G
Q54YU6,G
P08176,G_SP
P0A9N8,G
P31858,G
O42975,G
P06886,G_SP
Q10021,G
P13738,TM
P52488,G
Q18919,G
Q84JU4,G
P43298,SP_TM
P30260,G
A2RI47,TM
C6E9S5,TM
P0A3R9,G_SP
O18994,G_SP
P36632,G
P09615,G_SP
P02647,G_SP
Q15256,SP_TM
P00451,G_SP
P07103,G_SP
Q16270,G_SP
Q27934,G
P28675,G_SP
Q7U0E7,G
O42804,G
Q15291,G
P32489,G
O14503,G
P00590,G_SP
Q13889,G
P92506,TM
O43083,G
P43554,G
Q8CIF6,SP_TM
Q60675,G_SP
O74535,G
G5EF60,SP_TM
P53330,G
Q4PIR3,G
Q8TD84,SP_TM
Q10730,G
P10862,G
Q8IXF0,G
Q87TN7,TM
P02760,G_SP
Q6F4C6,G_SP
P25308,G_SP
Q2Z2F6,G
Q8NCN2,G
P10152,G_SP
P26687,G
Q62141,G
P68588,G_SP
P29617,G
Q75WF2,G_SP
P12956,G
P87305,G
P78423,SP_TM
P07995,G_SP
O34777,G
Q9VK33,G
Q9BSH3,G
P23827,G_SP
P28702,G
Q9W1R5,G
P29033,TM
P60390,G
P63006,G
P58912,G_SP
O70280,G_SP
O74555,G
P18709,G_SP
P76773,G_SP
Q13268,G
P44276,G_SP
P31266,G
P21397,TM
P20849,G_SP
P83371,G_SP
Q04456,G_SP
P14542,G_SP
F5L478,TM
P41161,G
Q9Y618,G
P12661,G_SP
P11827,G_SP
Q9Y2I2,G_SP
P14630,G_SP
P87143,G
A4VTZ1,G
P16383,G
Q8TDQ0,SP_TM
P15941,SP_TM
P0AFH8,G_SP
Q2W3D5,G
Q9Y653,SP_TM
Q99MU0,G
P16867,G
P06400,G
P04234,SP_TM
Q04116,G
P40923,G
Q7YT16,G_SP
P11747,G
P0C348,G
O00287,G
P06970,G_SP
Q6PL18,G
Q2G1N7,G
P28581,G_SP
Q08334,SP_TM
Q8BXQ2,SP_TM
P08483,TM
P32722,G_SP
O32081,TM
Q02080,G
Q9JHJ3,SP_TM
Q8VIH1,G
Q9Y2X9,G
Q9FDW1,G
Q23229,G
P06765,G_SP
P34207,G_SP
P29725,G_SP
Q13651,SP_TM
P0A0C2,G
P39769,G
Q9JJ89,G
Q8NB91,G
Q01738,G_SP
P17048,G_SP
Q62LE0,G
P17690,G_SP
P06602,G
Q8WX92,G
Q61329,G
P49842,G
P40486,G
P26776,G_SP
P54375,G
P43583,G
Q9HBB8,SP_TM
Q10067,G
Q7A338,G
P18340,G_SP
A2RMJ9,TM
Q6R0H1,G
Q15327,G
O42807,G_SP
Q5SME3,G_SP
P35804,G_SP
O74861,G
Q9LG05,G
Q5VWK5,SP_TM
P56095,G
P53709,G
O75460,SP_TM
Q92925,G
Q25255,G_SP
Q9ATB4,G
P06907,SP_TM
Q9BXI9,G_SP
P96692,G
Q9YHZ6,G
O74518,G
P60460,TM
O22161,G
Q961D9,G
Q03600,SP_TM
Q99T05,TM
P10297,G_SP
Q95RU0,SP_TM
P79085,G_SP
G4SW86,TM
Q02790,G
P40719,TM
Q63617,G_SP
Q09117,G_SP
P38715,G
Q17374,SP_TM
P20379,G_SP
P32569,G
P33665,G_SP
O24463,G
Q8RVH5,G_SP
Q64707,G
P06875,G_SP
Q8WQL7,G
P18684,G_SP
Q05949,G
Q99PF4,SP_TM
P20436,G
Q9UBK2,G
Q99385,TM
Q9C5Q2,G
Q5QJE6,G
Q96JP5,G
Q8R4U1,G
P15358,G_SP
P82683,G_SP
Q9NYL4,SP_TM
Q6H3X3,SP_TM
Q9Y3P8,SP_TM
Q9NZI7,G
Q969F1,G
Q72GS0,TM
P05995,G_SP
P11931,G
Q12504,G
P53187,G
P22541,G_SP
Q9BUF7,SP_TM
P48678,G
Q9HB96,G
Q7WGI7,G
P25441,G
Q9KX50,SP_TM
P10105,G
Q46455,G
P42128,G
O34559,G
P09483,SP_TM
P39873,G_SP
Q10124,G
O70458,SP_TM
Q06266,G
Q9X895,G
P48590,G
P27919,G_SP
P46959,G
O14412,G_SP
P68979,SP_TM
Q12180,G
Q10665,G
Q26366,G
P46997,G
O35930,SP_TM
P15379,SP_TM
O31601,G
Q68D85,SP_TM
Q0VD86,G
Q29143,G_SP
Q12749,G
P22507,G_SP
O15151,G
Q02192,G_SP
P24021,G_SP
Q9H4I2,G
O55236,G
P16397,G_SP
Q63553,G
Q12473,SP_TM
P09713,SP_TM
Q12986,G
P83369,G
P00691,G_SP
Q9ZN78,G
Q12824,G
Q03718,G
P35367,TM
P08887,SP_TM
Q03862,G
Q9P7B5,G
P0AC69,G
P53063,G
P17573,G_SP
Q8WVC0,G
Q05819,G_SP
Q86UD0,G
Q8BGW8,G
P55885,G_SP
P35577,G_SP
P04843,SP_TM
Q9VHY5,G
P21956,G_SP
P13854,G_SP
D6VTK4,TM
P52706,G_SP
Q06665,G
Q9P7P8,G
P48785,G
P32570,G
P28718,G
P40071,SP_TM
P21760,G_SP
Q59516,G
O32449,G
P53862,SP_TM
P13382,G
Q8S307,G
P10474,G_SP
P04855,SP_TM
Q05811,G_SP
P38902,G
P08571,G_SP
Q9C519,G
P47120,G
Q24320,G
Q6NYC1,G
Q14112,G_SP
P20239,SP_TM
P41936,G
P11117,SP_TM
P46831,G
O94645,G
P48357,SP_TM
O05512,G_SP
P04693,G
Q14192,G
P32099,G
P05111,G_SP
O16299,G
P80672,G_SP
O13862,G
Q9UNN4,G
P40060,G
P30793,G
Q92769,G
P42073,G
P68802,G_SP
Q16676,G
P33136,G_SP
Q9BRL6,G
P0ABJ3,TM
P04070,G_SP
Q9FL03,G
P20076,G_SP
Q80T69,G
P27859,G
P30139,G
O59800,G
Q8HYA9,G_SP
O42367,G
Q9KPL5,TM
P41595,TM
P25092,SP_TM
P0A3V1,G_SP
P37957,G_SP
P18239,TM
P31025,G_SP
P15382,TM
O55038,G_SP
P41895,G
Q12009,G
P23922,G
P01132,SP_TM
Q22169,SP_TM
P0A794,G
O94364,G
P17890,G
P22552,G_SP
Q9UEE5,G
Q940Z2,G
P23179,G
P34446,SP_TM
Q9H4A9,SP_TM
Q99435,G_SP
P00144,G_SP
P22936,G
O55232,G_SP
Q09472,G
P83234,G_SP
Q13886,G
P18480,G
Q6A8J7,G
Q62005,SP_TM
P09489,G_SP
Q9GLX9,G_SP
Q99359,G
P0C606,G
Q2FXC3,G_SP
P06774,G
Q9LKX9,G
Q4AE70,G
P00430,TM
Q968Z6,G_SP
P27613,G_SP
P0AEG4,G_SP
Q9XYH7,SP_TM
P52823,G_SP
P02974,TM
P02753,G_SP
Q02360,G
Q9TUB3,G
Q04832,G
P14585,SP_TM
P62928,G_SP
Q9GZZ0,G
O59703,G
Q04601,G
Q14526,G
Q9Y7J1,G
P21326,G_SP
Q8K1M4,G
P11472,G_SP
Q01454,G
Q02834,G_SP
O33732,G
Q9H9S0,G
P40037,G
P9WMH1,G
Q96S44,G
Q03213,G
P49704,G
P38683,G_SP
P34595,SP_TM
Q7TWW7,G
P31715,G_SP
P23515,G_SP
Q05202,G_SP
O74733,G
E0SJQ4,SP_TM
Q56225,TM
Q17391,G
Q9TT95,G_SP
P20789,TM
P50895,SP_TM
Q10315,G
Q02383,G_SP
Q38847,G
P33411,G
Q6KAS7,G
P16284,SP_TM
P19427,G_SP
Q9FX64,G
P20910,G_SP
Q8BTJ4,SP_TM
Q12030,G
P15976,G
P53397,G
Q02775,G
P42256,G_SP
P27654,G_SP
P35414,TM
Q9AFF7,SP_TM
O14773,G_SP
P01267,G_SP
Q16602,SP_TM
Q22909,G
P31275,G
P16554,G
Q08647,G
Q04178,G
O13297,G
P52496,G
Q9USQ1,G
P36888,SP_TM
P58304,G
I1S2N3,G_SP
P20009,G
P40958,G
P18412,G
Q8TFG7,G
Q16533,G
P42866,TM
P05687,G_SP
Q2MV57,SP_TM
P12319,SP_TM
P43079,G
P09351,G_SP
P20061,G_SP
P12355,TM
Q9S7Y7,G_SP
O43567,SP_TM
Q38740,G
P13469,G
Q13610,G
P39720,G
Q9N359,G
P93045,G
P41183,G
Q9Z4P6,G
Q05470,G
Q90837,G
P37261,G
P00655,G_SP
O42720,G_SP
P33129,G_SP
P0A6U3,G
P05231,G_SP
P0AAA9,G_SP
O70422,G
Q9HE18,G_SP
P36121,G
Q01634,G_SP
P11536,G
Q8CBD1,G
P33611,G
P50220,G
P33697,G
P43457,TM
P20264,G
O59741,G
Q8CM25,TM
Q09094,G
P35916,SP_TM
P14738,G_SP
Q01329,G
Q06576,G_SP
P40200,SP_TM
P04977,G_SP
Q9ZKG9,G
O24454,G
O02853,G_SP
P26334,G_SP
P07470,TM
P05113,G_SP
O60129,G
P14776,G
Q40478,G
P14164,G
P05221,G
P51784,G
Q9Y2D1,G
Q12107,G
Q10744,G
P69506,G
Q4KMG0,SP_TM
O43013,G
P33896,SP_TM
O60104,G
P0AGG4,G
O05465,G_SP
Q8MMG9,G_SP
P0A6L0,G
Q03PY7,TM
O00198,TM
O31782,G
P39979,G
P15692,G_SP
P53911,G
O59676,G
Q9UTB8,G
P08818,G_SP
Q69VG1,G
Q9D067,G
Q01786,G_SP
P16455,G
P61073,TM
Q9UNI6,G
P08751,G_SP
P37081,G
P17219,G_SP
Q9HBE5,SP_TM
P87000,G
Q16288,SP_TM
Q09761,G
P0A7B5,G
O43543,G
P13857,G
P64481,SP_TM
Q8LJT8,G
Q9VNA8,G
O94913,G
O94714,G
P35070,SP_TM
Q8WYA1,G
Q8NBR0,SP_TM
P97863,G
P32773,G
P58797,G
P20823,G
A5F7A4,G_SP
Q9HCD5,G
Q12913,SP_TM
Q04088,G
Q53QV2,G
P41225,G
Q9Y6P5,G
P38086,G
D2ZZC1,TM
Q9URU2,G
P00736,G_SP
P68739,G
Q8N1G1,G
P49763,G_SP
O14328,G
Q9P7S4,G
P32361,SP_TM
Q9KDP2,SP_TM
Q99967,G
Q9C103,G
P06111,G_SP
P69045,G_SP
Q96AV8,G
Q8BND5,SP_TM
Q12739,G_SP
P13599,SP_TM
Q03063,G
Q13105,G
P14242,G
P22319,G
P52167,G
Q84MM9,G
A0AQW4,G
P19571,G_SP
P35330,SP_TM
Q9Y5C1,G_SP
P43131,G_SP
Q92349,G
P56874,TM
Q6UWI2,SP_TM
Q12507,G
Q9UHQ1,G
Q8IY57,G
P38121,G
P32396,G
Q04562,SP_TM
Q9ZMZ5,G
Q8NBN3,SP_TM
O94522,G
O74842,G
P53409,G
Q03761,G
O83004,G
Q9FT54,G
Q9UKN8,G
Q9U405,G
Q05640,G
Q24180,G
P26755,G
Q9UHD0,G_SP
O75528,G
P14724,G
Q6FI81,G
P32478,G_SP
Q92374,G
P0ADU5,G_SP
Q00293,G_SP
P31385,G
Q5L8W8,G
Q9WTK2,G
P07986,G_SP
Q9VLR5,G
P17413,TM
Q9NZN9,G
P51514,G
P91758,G_SP
Q9GZP8,G
Q8IXQ6,G
P05818,G_SP
P40041,G
Q02113,G_SP
Q9D489,G
Q96EM0,G
Q9AGY7,G
Q09811,G
P15703,G_SP
P0A9P6,G
Q84JG2,G
P10386,G_SP
Q16594,G
P52168,G
Q5XKR4,G
P39995,G
Q9SLY8,G_SP
P49866,G
P0A8F8,G
O34484,G
Q12495,G
P39127,G
O60883,SP_TM
P14209,SP_TM
Q12308,G
Q9Y240,G_SP
Q9LDT3,G
Q9N658,G
P77214,G_SP
P19159,G_SP
O51038,G
O14338,G
Q9P6I9,G
O54901,SP_TM
Q9P7G6,G
P53999,G
O15389,SP_TM
Q6PJT7,G
P06621,G_SP
P39113,G
P65765,G_SP
P23631,G_SP
P35542,G_SP
P24228,G_SP
Q15545,G
P9WFG3,SP_TM
P0AA78,SP_TM
P18959,G_SP
O95071,G
Q90423,G
Q13291,SP_TM
Q80ZI1,G
O75326,SP_TM
Q06339,G
Q9SLP4,G_SP
P14734,G
Q96DB9,SP_TM
P26019,G
Q26261,SP_TM
O82277,G
P0AC25,TM
P11746,G
P11378,G
P13430,G_SP
Q86UU0,G
Q9P6P7,G
Q9NP84,SP_TM
O13927,G
Q7Z1K3,G_SP
P33293,G
P49051,G_SP
P13671,G_SP
P19470,G_SP
Q9GNL2,G
P08138,SP_TM
Q00056,G
Q9XWD6,SP_TM
O32271,G
P0CL03,G
O14763,SP_TM
Q9W539,G
P47074,G
P59505,G
D7AIT1,TM
Q14781,G
O94856,SP_TM
Q13523,G
Q04833,SP_TM
Q9FTA2,G
O60174,G
P23659,G_SP
P97386,G
Q3J126,SP_TM
P35502,G_SP
P39572,G
Q04787,G
Q9UTQ7,G
P12024,SP_TM
P36094,G
P18910,SP_TM
Q9Y7Q7,G
P24394,SP_TM
P10157,G
Q5SLI2,TM
Q9ZPQ3,G
P11362,SP_TM
Q05516,G
O14368,G
P38633,G
P11688,SP_TM
Q9C801,G
P05837,G
P76346,G
P81827,G_SP
P18481,G_SP
Q9FE22,G
P11226,G_SP
P23536,G
Q92908,G
P0C0L4,G_SP
Q6DN03,G
Q90WJ7,G_SP
P11150,G_SP
P13821,G_SP
P07276,G
Q68DV7,SP_TM
Q9Z330,G
Q99MV2,G
P36941,SP_TM
Q63226,SP_TM
Q9BX67,SP_TM
P04705,G_SP
Q62311,G
P30941,G_SP
P04812,G_SP
P28798,G_SP
Q8BWQ5,G
P16410,SP_TM
O08686,G
P34998,SP_TM
P06701,G
P00099,G_SP
P0A264,G_SP
Q6UXK5,SP_TM
P22301,G_SP
P50749,G
Q64MA3,G
P11069,G_SP
P77915,G
Q08352,G
Q12522,G
Q50KB1,G_SP
P01589,SP_TM
P25447,G_SP
Q9UTT1,G
Q8C208,G
P07664,G
Q9UKX5,SP_TM
F9RBV9,TM
P19361,G_SP
Q9XSR1,G
P26309,G
Q9UUE4,G
P16659,G
Q56P03,G
O74834,G
P16400,G
Q96DT0,G
Q967U1,G
Q9SWS1,TM
P35227,G
P80046,G
O13895,G
Q92932,SP_TM
P57081,G
Q95UE8,G_SP
O13919,G
O60609,G_SP
P15034,G
Q9DE14,G
O74563,G
Q12102,G
Q9I596,G_SP
C9QU46,TM
Q11010,G
P38826,G
P09620,SP_TM
Q93ZS9,G
Q24169,G
Q6INX3,SP_TM
A5U127,TM
Q9C5S0,G_SP
Q62264,G
Q64ET8,G
P25639,SP_TM
P02699,TM
Q9DEI1,G
Q06554,G
P0A9C9,G
Q01617,G
P18417,G_SP
P19368,G
Q46604,G
O74874,G
P54278,G
P94212,G
P0A6G9,G
Q61074,G
Q10282,G
P40367,SP_TM
P10614,TM
Q03774,G
D0VWU4,TM
Q9LIE5,G
Q9F0R1,G
Q72IM4,TM
Q96JN0,G
P0A6Q3,G
Q8CE22,G
Q60778,G
O13701,G
P35775,G_SP
P35778,G_SP
Q12159,G
O75001,G
Q8EKT7,TM
Q27049,G_SP
Q9UBU8,G
O14224,G
O15467,G_SP
P15868,G
P01174,G_SP
Q9Y6W6,G
Q9JI13,G
Q10990,G
Q9C8N5,G
P08704,G_SP
Q9JWJ3,G
Q19127,SP_TM
Q9HCU8,G
Q9VRJ0,G
Q9C0W0,G
P32027,G
P02817,G_SP
P39735,G
P33308,G
Q6RI63,G
P11279,SP_TM
Q8LPQ9,G
Q50541,TM
Q96PD2,SP_TM
P56829,G_SP
Q9JIP3,SP_TM
O95125,G
P48732,G
O35426,G
P40223,SP_TM
P02671,G_SP
P34972,TM
Q5UCC4,SP_TM
O88917,SP_TM
Q60767,SP_TM
P08519,G_SP
Q88QN8,G
P02970,G_SP
P29056,G
Q05471,G
P37735,G_SP
Q03323,G
P20701,SP_TM
Q06539,G
Q9GZM7,G_SP
P49347,G_SP
Q8SVD3,G
Q84H41,G
Q84UV8,G_SP
P19659,G
P53632,G
Q9X4B7,SP_TM
Q9BTP7,G
P09599,G_SP
Q9H2W2,G
Q9NVU0,G
Q10362,G
Q8NFY4,SP_TM
A5U697,G
Q8ST83,G
Q02932,G
P70040,G
Q9NVR2,G
Q9UU96,G
P27089,G
Q02884,G
O75324,TM
O13963,G
P33307,G
P30183,G
Q08605,G
P01579,G_SP
Q9LSE2,G
P16950,G_SP
Q8T0W1,G_SP
Q8R6L9,TM
Q03654,G
P25992,G
P32524,G
Q6ADR4,G
P29374,G
P29092,G_SP
P45815,G
Q90270,G
P19532,G
Q9KPS2,TM
P13650,G_SP
P11638,G
P13794,G_SP
Q8NCU7,G
P37487,G
P14314,G_SP
Q46J13,G
P27580,G
O77421,G_SP
P0ABJ1,SP_TM
Q03877,G_SP
P07683,G_SP
Q15393,G
Q99NA2,G
Q86XI2,G
P38874,G
Q8NG57,G
P00132,G_SP
Q9UDW3,G
P26370,G
P13987,G_SP
Q9LHS9,G
O32848,G
Q9Z0L3,G_SP
Q9Y5Q8,G
Q6GTX8,SP_TM
P22697,G
Q02988,G_SP
Q7TS99,G
P70120,G
P12758,G
Q9NR55,G
O46036,G
P11597,G_SP
P87176,G
P21982,G_SP
P31956,G_SP
B0BLW3,SP_TM
Q84ZX5,G_SP
Q94JM3,G
Q02260,G
O95411,G
O06644,G
P22121,G
Q60688,G
A9VEV6,TM
P02790,G_SP
Q24174,G
Q9UTR8,G
P19909,G_SP
O00105,G_SP
P18065,G_SP
P04197,G
Q06945,G
P17208,G
Q9Y5P8,G
Q9UBQ5,G
Q01460,G_SP
Q03S56,TM
P02858,G_SP
Q7G8V2,G
P04004,G_SP
Q8L3W1,G
P04212,G_SP
P13574,G
P13232,G_SP
P10040,SP_TM
P81054,G_SP
Q83GS8,G
P37652,SP_TM
O74476,G
Q12440,G
P29460,G_SP
Q5VW38,SP_TM
Q13568,G
P53940,G
A2XMB2,G_SP
O43829,G
Q8VHY0,SP_TM
Q92956,SP_TM
Q9NQS3,SP_TM
Q9P7J7,G
P52983,G
P34706,G
P0A444,TM
Q12952,G
Q9L524,G
Q9ES57,SP_TM
Q9KNE0,TM
P26474,G
P54103,G
Q9BX63,G
P25574,SP_TM
P04927,G_SP
Q09100,G
Q84Y18,G
P19883,G_SP
P03188,SP_TM
P0CY08,G
P39440,G
P20292,TM
P0A7B8,G
Q07478,G
P43341,G
O42881,G
P0AAJ3,TM
P53068,G
P20749,G
O15533,SP_TM
P14532,G_SP
P01189,G_SP
P32833,G
O83059,G
Q99321,G
P25801,G
Q56227,TM
P21543,G_SP
P21374,G
P08453,G_SP
Q9BXL8,G
P01730,SP_TM
P38801,G
P55067,G_SP
P32617,G
P26343,G
O94641,G
P03004,G
Q9SKK0,G
P00648,G_SP
P13611,G_SP
Q9H8M7,G
P08178,G
Q09163,SP_TM
Q56S59,G_SP
P21865,TM
P10026,G
Q60019,TM
Q16520,G
Q46M57,G
A4QFQ3,G_SP
Q5SUE7,G
P04929,G_SP
Q06632,G
P62607,G_SP
Q8W575,G
Q8NFT8,SP_TM
Q99383,G
P0AC44,TM
Q9ERZ0,G
P28351,G_SP
P09326,SP_TM
Q9NX70,G
Q03338,G
O68575,G
Q13835,G
Q27403,G
Q00723,G
P21192,G
Q3UTQ7,G
P04180,G_SP
P22015,G
P18146,G
Q21874,SP_TM
Q13415,G
Q9HGP0,G
Q13093,G_SP
